point_id,x,y
1,1.8727005942368125,3.497327922401265
2,3.6599697090570253,1.6370173320348285
3,0.7800932022121826,1.5454749016213019
4,0.2904180608409973,1.5502135295603015
5,3.005575058716044,1.9127267288786132
6,0.10292247147901223,2.5742692948967134
7,7.159725093210579,7.822634555704315
8,8.059264473611897,6.511572371061875
9,6.4607232426760905,6.195154778955839
10,7.28034992108518,8.84665661176
11,5.998368910791799,8.896896099223678
12,7.962072844310212,8.425192044349384
